Item,Storage Location,Category,Meal Planning,Note
Agave syrup,Pantry,Sugar & Sweeteners,,
"Nuts, Almonds",Pantry,Dried Fruit/Nuts,,
Apple cider vinegar,Pantry,Basics,,
Apples,Refrigerator,Fresh Produce - Fruits,,
Applesauce,Pantry,Snacks and Cereals,,
Asian fish sauce,Pantry/Refrigerator,Condiments,,
Avocados,Refrigerator,Fresh Produce - Vegetable,,
Bacon,Freezer,Meat,,
Barbecue sauce,Pantry/Refrigerator,Condiments,,
Baking powder,Pantry,Baking,,
Baking soda,Pantry,Baking,,
Balsamic or sherry vinegar,Pantry,Basics,,
Bananas,Refrigerator,Fresh Produce - Fruits,,
Bay leaves,Pantry,Dried Herbs and Spices,,
"Beans, 15-bean soup",Pantry,Dry Goods,,
"Beans, Northern",Pantry,Dry Goods,,
"Beans, Navy",Pantry,Dry Goods,,
"Beans, Kidney ",Pantry,Dry Goods,,
Bell peppers,Refrigerator,Fresh Produce - Aromatics,,
Frozen berries,Freezer,Frozen Produce,,
Black peppercorns,Pantry,Dried Herbs and Spices,,
Frozen blueberries,Freezer,Frozen Produce,,
"Chicken Breasts, boneless",Freezer,Meat,,
"Bread, loaf",Pantry,Bread,,
Bagels,Pantry,Bread,,
Pita,Pantry,Bread,,
Breadcrumbs: plain or panko,Pantry,Rice and Grains,,
Breakfast cereal,Pantry,Snacks and Cereals,Breakfast,
Fresh broccoli or cauliflower,Refrigerator,Fresh Produce - Vegetable,,
Fresh cauliflower,Refrigerator,Fresh Produce - Vegetable,,
Frozen broccoli,Freezer,Frozen Produce,,
Brown rice,Pantry,Rice and Grains,,
Frozen cauliflower,Freezer,Frozen Produce,,
Brown sugar,Pantry,Sugar & Sweeteners,,
Brussels sprouts,Refrigerator,Fresh Produce - Vegetable,Dinner,
Cabbage,Refrigerator,Fresh Produce - Vegetable,Dinner,
Cajun seasoning,Pantry,Dried Herbs and Spices,,
Carrots,Refrigerator,Fresh Produce - Vegetable,,
"Nuts, Cashews",Pantry,Dried Fruit/Nuts,,
Cayenne pepper,Pantry,Dried Herbs and Spices,,
Celery,Refrigerator,Fresh Produce - Aromatics,,
"Cheese, Cheddar",Refrigerator,Dairy and Eggs,,
"Cheese, Mozzarella",Refrigerator,Dairy and Eggs,,
Chicken broth,Pantry,Canned Goods,,
Chicken legs,Freezer,Meat,Dinner,
Chile powder,Pantry,Dried Herbs and Spices,,
Chiles: chipotles in adobo or pickled jalapenos,Pantry,Canned Goods,,
Chocolate: chips or bar,Pantry,Baking,,
Cilantro,Refrigerator,Fresh Produce - Herbs,,
Cocoa powder (unsweetened),Pantry,Baking,,
Coconut Water,Pantry,Water,,
Coffee,Pantry,Dry Goods,,
Confectioners' sugar,Pantry,Sugar & Sweeteners,,
Cookies or biscuits,Pantry,Snacks and Cereals,,
Couscous,Pantry,Rice and Grains,Dinner,
Crackers,Pantry,Snacks and Cereals,,
Dried cranberries,Pantry,Dried Fruit/Nuts,,
Cream of tartar,Pantry,Baking,,
Crushed red pepper,Pantry,Dried Herbs and Spices,,
Cucumbers,Refrigerator,Fresh Produce - Vegetable,,
Curry powder,Pantry,Dried Herbs and Spices,,
Eggs,Refrigerator,Dairy and Eggs,Breakfast,
Evaporated milk,Pantry,Baking,,
Extra virgin olive oil,Pantry,Basics,,
Farro,Pantry,Rice and Grains,,
Fennel or dill seed,Pantry,Dried Herbs and Spices,,
Fine salt,Pantry,Dried Herbs and Spices,,
Flat-leaf parsley,Refrigerator,Fresh Produce - Herbs,,
"Flour: all purpose, whole wheat or pastry",Pantry,Baking,,
Garlic,Pantry,Fresh Produce - Aromatics,,
Ginger,Pantry,Fresh Produce - Vegetable,,
Goat cheese,Refrigerator,Dairy and Eggs,,
Granulated garlic,Pantry,Dried Herbs and Spices,,
Granulated sugar,Pantry,Sugar & Sweeteners,,
Grapes,Refrigerator,Fresh Produce - Fruits,,
Green beans,Refrigerator,Fresh Produce - Vegetable,,
Ground beef,Freezer,Meat,,
"Ground beef, ground turkey or Italian sausage",Freezer,Meat,,
Ground cinnamon,Pantry,Dried Herbs and Spices,,
Ground cloves,Pantry,Dried Herbs and Spices,,
Ground cumin,Pantry,Dried Herbs and Spices,,
Ground ginger,Pantry,Dried Herbs and Spices,,
Ground turkey,Freezer,Meat,,
Honey,Pantry,Sugar & Sweeteners,,
"Hot sauce: Tabasco, Sriracha or sambal",Pantry/Refrigerator,Condiments,,
"Jelly, jam or preserves",Pantry/Refrigerator,Condiments,,
Kale,Refrigerator,Fresh Produce - Vegetable,,
Ketchup,Pantry/Refrigerator,Condiments,,
Kosher salt,Pantry,Dried Herbs and Spices,,
Lemons,Refrigerator,Fresh Produce - Fruits,,
Lettuce,Refrigerator,Fresh Produce - Vegetable,,
Limes,Refrigerator,Fresh Produce - Fruits,,
Long-grain white rice,Pantry,Rice and Grains,Dinner,
Frozen mango,Freezer,Frozen Produce,,
Dried mango,Pantry,Dried Fruit/Nuts,,
Maple syrup,Pantry,Sugar & Sweeteners,,
Marshmallows,Pantry,Snacks and Cereals,,
Mayonnaise,Pantry/Refrigerator,Condiments,,
"Milk, 2% Lactose-Free",Refrigerator,Dairy and Eggs,,Prefer the Walmart brand.
"Milk, Coconut",Refrigerator,Dairy and Eggs,,
"Milk, Soy",Refrigerator,Dairy and Eggs,,
Mustard: Dijon or whole grain,Pantry/Refrigerator,Condiments,,
"Oats, Stone Cut",Pantry,Snacks and Cereals,Breakfast,
"Oats, Instant",Pantry,Snacks and Cereals,Breakfast,
"Oats, Quick",Pantry,Snacks and Cereals,Breakfast,
Olives or capers,Pantry,Canned Goods,,
Onions,Pantry,Fresh Produce - Aromatics,,
Orange juice,Refrigerator,Drinks,,
Oranges,Refrigerator,Fresh Produce - Fruits,,
Oregano,Pantry,Dried Herbs and Spices,,
Dried papaya,Pantry,Dried Fruit/Nuts,,
Paprika: sweet and smoked,Pantry,Dried Herbs and Spices,,
Parmesan (wedge),Refrigerator,Dairy and Eggs,,
Pasta,Pantry,Pasta,,
Frozen peaches,Freezer,Frozen Produce,,
Peanut butter or almond butter,Pantry,Snacks and Cereals,,
Pecans,Pantry,Dried Fruit/Nuts,,
Pickles,Pantry/Refrigerator,Condiments,,
Dried pineapple,Pantry,Dried Fruit/Nuts,,
Yogurt,Refrigerator,Dairy and Eggs,,
Grits,Pantry,Rice and Grains,,
Polenta,Pantry,Rice and Grains,,
Popcorn kernels,Pantry,Snacks and Cereals,,
"Potatoes, New",Pantry,Fresh Produce - Vegetable,,
"Potatoes, Sweet",Pantry,Fresh Produce - Vegetable,,
"Potatoes, White",Pantry,Fresh Produce - Vegetable,,
Pretzels,Pantry,Snacks and Cereals,,
Pure vanilla extract,Pantry,Baking,,
Quinoa,Pantry,Rice and Grains,Dinner,
Raisins,Pantry,Dried Fruit/Nuts,,
Ramen noodles,Pantry,Pasta,,
Red wine vinegar,Pantry,Basics,,
Rice vinegar (unseasoned),Pantry,Basics,,
Roasted red peppers,Pantry,Canned Goods,,
Rosemary,Pantry,Dried Herbs and Spices,,
Salmon,Freezer,Seafood,Dinner,
Salsa,Pantry,Canned Goods,,
"Sausage, Turkey Breakfast",Freezer,Meat,Breakfast,
"Sausage, Chorizo",Freezer,Meat,Protein,
"Sausage, Red Hot",Freezer,Meat,Protein,
Scallions,Refrigerator,Fresh Produce - Aromatics,,
Seeds: chia,Pantry,Dried Fruit/Nuts,,
Seeds: flax,Pantry,Dried Fruit/Nuts,,
Seeds: sunflower,Pantry,Dried Fruit/Nuts,,
Sesame seeds,Pantry,Dried Herbs and Spices,,
Crab Meat,Freezer,Seafood,Protein,
Shrimp,Freezer,Seafood,Protein,
Soy sauce or tamari,Pantry/Refrigerator,Condiments,,
Fresh spinach,Refrigerator,Fresh Produce - Vegetable,Vegetable,
Frozen spinach,Freezer,Frozen Produce,Vegetable,
Frozen stir-fry vegetables,Freezer,Frozen Produce,Vegetable,
Sweeteners,Pantry,Baking,,
"Tea, Chai",Pantry,Dry Goods,,
"Tea, Matcha",Pantry,Dry Goods,,
"Tea, Hibiscus",Pantry,Dry Goods,,Whole flower is best.
"Tea, Green",Pantry,Dry Goods,,
Dried thyme,Pantry,Dried Herbs and Spices,,
Fresh thyme,Refrigerator,Fresh Produce - Herbs,,
Toasted sesame oil,Pantry,Condiments,,
Tomato paste,Pantry,Canned Goods,,
Canned tomatoes,Pantry,Canned Goods,,
Fresh tomatoes,Refrigerator,Fresh Produce - Vegetable,,
Tortillas,Pantry,Snacks and Cereals,,
Tuna,Pantry,Canned Goods,Protein,
Unsalted butter,Refrigerator,Dairy and Eggs,,
Vanilla ice cream,Freezer,Frozen Dessert,,
Vegetable oil,Pantry,Basics,,
"Nuts, Walnuts",Pantry,Dried Fruit/Nuts,,
Water,Pantry,Water,,
White rice (jasmine or basmati),Pantry,Rice and Grains,,
Nutmeg,Pantry,Dried Herbs and Spices,,
Worcestershire sauce,Pantry/Refrigerator,Condiments,,
Harissa,Pantry,Dried Herbs and Spices,,
Trail Mix,Pantry,Dried Fruit/Nuts,,